{
    "dist_coefs": [
        [
            -0.12390715699556255,
            0.09983010007937897,
            0.0013846287331131738,
            -0.00036539454816030264,
            0.020072404577046853,
            0.2052173022520547,
            0.009921380887245364,
            0.06631870205961587
        ]
    ],
    "camera_matrix": [
        [766.2927454396544, 0.0, 543.6272327745995],
        [0.0, 766.3976103393867, 566.0580149497666],
        [0.0, 0.0, 1.0]
    ]
}
